{
  "Workflows": [
    {
      "Path": null,
      "SortBy": 0,
      "VariablesSectionElementsOrder": [],
      "ArgumentsSectionElementsOrder": null,
      "ConstantsSectionElementsOrder": null,
      "AddedNamespaces": null
    },
    {
      "Path": "NewActivity.xaml",
      "SortBy": 0,
      "VariablesSectionElementsOrder": [
        "elmtNavigationButtonElement&Sequence_3"
      ],
      "ArgumentsSectionElementsOrder": [],
      "ConstantsSectionElementsOrder": null,
      "AddedNamespaces": null
    },
    {
      "Path": "Refresh Process Monitor.xaml",
      "SortBy": 0,
      "VariablesSectionElementsOrder": [
        "intVeryShortTimeout&Sequence_1",
        "intShortTimeout&Sequence_1",
        "intMediumTimeout&Sequence_1",
        "intLongTimeout&Sequence_1",
        "intVeryLongTimeout&Sequence_1"
      ],
      "ArgumentsSectionElementsOrder": [
        "in_str_PeoplesoftURL",
        "in_intDuration",
        "in_strFilterUserID",
        "in_strDurationType"
      ],
      "ConstantsSectionElementsOrder": null,
      "AddedNamespaces": null
    },
    {
      "Path": "Test.xaml",
      "SortBy": 0,
      "VariablesSectionElementsOrder": [
        "strDownloadFileName&Sequence_5",
        "ExtractDataTable&Sequence_1",
        "dtTableExtract&Sequence_1",
        "Counter&Sequence_1"
      ],
      "ArgumentsSectionElementsOrder": [],
      "ConstantsSectionElementsOrder": null,
      "AddedNamespaces": null
    },
    {
      "Path": "Log Out.xaml",
      "SortBy": 0,
      "VariablesSectionElementsOrder": [
        "intShortTimeout&Sequence_2",
        "intMediumTimeout&Sequence_2"
      ],
      "ArgumentsSectionElementsOrder": [],
      "ConstantsSectionElementsOrder": null,
      "AddedNamespaces": null
    },
    {
      "Path": "Peoplesoft Login.xaml",
      "SortBy": 0,
      "VariablesSectionElementsOrder": [
        "strLoginErrorDescription&Sequence_9",
        "intVeryShortTimeout&Sequence_1",
        "intShortTimeout&Sequence_1",
        "intMediumTimeout&Sequence_1",
        "intLongTimeout&Sequence_1",
        "intVeryLongTimeout&Sequence_1"
      ],
      "ArgumentsSectionElementsOrder": [
        "in_strPeoplesoftURL",
        "in_strUsername",
        "in_strPassword"
      ],
      "ConstantsSectionElementsOrder": null,
      "AddedNamespaces": null
    },
    {
      "Path": "Peoplesoft Log Out.xaml",
      "SortBy": 0,
      "VariablesSectionElementsOrder": [
        "intLongTimeout&Sequence_1",
        "intMediumTimeout&Sequence_1",
        "intShortTimeout&Sequence_1",
        "intVeryLongTimeout&Sequence_1",
        "intVeryShortTimeout&Sequence_1"
      ],
      "ArgumentsSectionElementsOrder": [
        "in_strPeoplesoftURL"
      ],
      "ConstantsSectionElementsOrder": null,
      "AddedNamespaces": null
    },
    {
      "Path": "Navigate to Process Scheduler.xaml",
      "SortBy": 0,
      "VariablesSectionElementsOrder": [
        "intVeryShortTimeout&Sequence_2",
        "intShortTimeout&Sequence_2",
        "intMediumTimeout&Sequence_2",
        "intLongTimeout&Sequence_2",
        "intVeryLongTimeout&Sequence_2",
        "elmtNavigationButtonElement&Sequence_3"
      ],
      "ArgumentsSectionElementsOrder": [
        "in_strPeoplesoftURL"
      ],
      "ConstantsSectionElementsOrder": null,
      "AddedNamespaces": null
    },
    {
      "Path": "Download File From Process Monitor.xaml",
      "SortBy": 0,
      "VariablesSectionElementsOrder": [
        "strDownloadFileName&Sequence_1",
        "dtFIleInfoTable&Sequence_4",
        "intShortTimeout&Sequence_1",
        "intVeryShortTimeout&Sequence_1",
        "intMediumTimeout&Sequence_1",
        "intLongTimeout&Sequence_1",
        "intVeryLongTimeout&Sequence_1",
        "strViewLogTraceWindowCounter&Sequence_1",
        "strProcessDetailWindowCounter&Sequence_1",
        "strElementClass&Sequence_2",
        "strElementControlID&Sequence_2",
        "strInstanceElementIndex&Sequence_2",
        "finfoDownloadedFile&Sequence_4"
      ],
      "ArgumentsSectionElementsOrder": [
        "io_intPopupWindowCounter",
        "out_strDownloadFileName",
        "in_arrFileExtension",
        "in_strProcessInstance",
        "in_strPeoplesoftURL"
      ],
      "ConstantsSectionElementsOrder": null,
      "AddedNamespaces": null
    },
    {
      "Path": "Extract File Info.xaml",
      "SortBy": 0,
      "VariablesSectionElementsOrder": [
        "ienumRows&Sequence_8",
        "dtFilteredTable&Sequence_1",
        "dtFileInfoTable&Sequence_1"
      ],
      "ArgumentsSectionElementsOrder": [
        "in_strPopupWindowCounter",
        "in_arrFileType",
        "out_strFileName"
      ],
      "ConstantsSectionElementsOrder": null,
      "AddedNamespaces": null
    }
  ]
}